filename,file_id,JGI Grouping ID,directory/path,Short Organism Name,Genome/Metagenome Name,md5 checksum,file size
53005.3.525516.AAGGCATATT-TGCAATACTT.filter-METAGENOME.fastq.gz,662b382f53447aa389b2c8a8,IMG_AP-1490144,YELM20COMPDNA1_13/Filtered_Raw_Data,YELM20COMPDNA1_13,YELL_016-M-20230803-COMP-DNA1,17ec89e3feae217f7b3cc7dfd51d7c1e,27972110005
53005.3.525516.CCTCGTCTAG-ACAGGACTAT.filter-METAGENOME.fastq.gz,662b382c53447aa389b2c89b,IMG_AP-1490146,YELM20COMPDNA1_14/Filtered_Raw_Data,YELM20COMPDNA1_14,YELL_012-M-20230802-COMP-DNA1,c41aba128858fffe30dad1984ea9fb9a,27144907408
53005.3.525516.TGGCGCGGGA-GCAAGAGTCA.filter-METAGENOME.fastq.gz,662b467053447aa389b2ca82,IMG_AP-1490148,YELM20COMPDNA1_15/Filtered_Raw_Data,YELM20COMPDNA1_15,YELL_009-M-20230802-COMP-DNA1,4bb5dd09e7892990a2979646a9343ea1,24741664331
53005.3.525516.AAAGGCTAGA-GATTCAGTTA.filter-METAGENOME.fastq.gz,662b4dc653447aa389b2cc1a,IMG_AP-1490150,YELM20COMPDNA1_11/Filtered_Raw_Data,YELM20COMPDNA1_11,YELL_005-M-20230807-COMP-DNA1,455de1c46409b7765dbfd9fcb9dbacd4,34181858188
53005.3.525516.TAGGTGGTTT-TAGGTAATAA.filter-METAGENOME.fastq.gz,662b382b53447aa389b2c88e,IMG_AP-1490152,YELM20COMPDNA1_16/Filtered_Raw_Data,YELM20COMPDNA1_16,YELL_002-M-20230801-COMP-DNA1,9c141167e47f42442d0b2b9c007280dd,26146203866
53011.1.528110.TTCTTTGGGT-AACACCGAGC.filter-METAGENOME.fastq.gz,6645d53e53447aa389ba284a,IMG_AP-1490176,UNDM20COMPDNA1/Filtered_Raw_Data,UNDM20COMPDNA1,UNDE_044-M-20230809-COMP-DNA1,da97ddfc7eb54defd9c817ac9a2ddb23,18846006042
53011.1.528110.AAATATCCAC-TCGGAATGGA.filter-METAGENOME.fastq.gz,6645d50853447aa389ba2809,IMG_AP-1490178,Soimic20COMPDNA1_81/Filtered_Raw_Data,Soimic20COMPDNA1_81,UNDE_043-M-20230808-COMP-DNA1,4f99571add851670e9661099cff21a80,22900521623
53011.1.528110.ATGAATCACA-GACATTGACT.filter-METAGENOME.fastq.gz,6645ce0b53447aa389ba228c,IMG_AP-1490180,Soimic20COMPDNA1_11/Filtered_Raw_Data,Soimic20COMPDNA1_11,UNDE_038-O-20230809-COMP-DNA1,eaadcd68f013c3720c9c1490c50fa131,17350899129
53011.1.528110.AATCATAAAT-TGATCGCTGG.filter-METAGENOME.fastq.gz,6645d50f53447aa389ba2816,IMG_AP-1490182,UNDO20COMPDNA1/Filtered_Raw_Data,UNDO20COMPDNA1,UNDE_037-O-20230809-COMP-DNA1,9aa57e4aeba264b81296c1a7ea133e6f,26005199655
53011.1.528110.AAAGGGATGA-ACTTTAATGT.filter-METAGENOME.fastq.gz,6645d50653447aa389ba27fc,IMG_AP-1490184,Soimic20COMPDNA1_82/Filtered_Raw_Data,Soimic20COMPDNA1_82,UNDE_010-O-20230810-COMP-DNA1,4b648327a90be493f7f432494c54c533,20754169453
53011.1.528110.ACATTGATTA-GTGGTTCAGT.filter-METAGENOME.fastq.gz,664595bd53447aa389ba0432,IMG_AP-1490186,Soimic20COMPDNA1_45/Filtered_Raw_Data,Soimic20COMPDNA1_45,UNDE_010-M-20230810-COMP-DNA1,fce4a9d298aa90722f4e4eea2d8b68da,20074942724
53011.1.528110.GAAGACCTTC-TTCTTATGGT.filter-METAGENOME.fastq.gz,6645958853447aa389ba0425,IMG_AP-1490188,Soimic20COMPDNA1_41/Filtered_Raw_Data,Soimic20COMPDNA1_41,UNDE_008-M-20230808-COMP-DNA1,bbb0384ef0657dddf656a0d9fa02199b,22721635997
53011.1.528110.GAAAGGATAA-TCTGTTATCG.filter-METAGENOME.fastq.gz,6645843653447aa389ba0342,IMG_AP-1490190,Soimic20COMPDNA1_43/Filtered_Raw_Data,Soimic20COMPDNA1_43,UNDE_006-M-20230808-COMP-DNA1,3fb32091490179ebee8204a81bfe8400,16979135418
53011.1.528110.CGGCGTACAC-TTGTATACGT.filter-METAGENOME.fastq.gz,6645725453447aa389ba023b,IMG_AP-1490192,UNDO20COMPDNA1_2/Filtered_Raw_Data,UNDO20COMPDNA1_2,UNDE_003-O-20230810-COMP-DNA1,c456ea178d83a0907ea642a83ba0a0f4,23326867965
53011.1.528110.AAATACGCAG-GAGATAGGCG.filter-METAGENOME.fastq.gz,6645724e53447aa389ba022c,IMG_AP-1490194,Soimic20COMPDNA1_83/Filtered_Raw_Data,Soimic20COMPDNA1_83,UNDE_003-M-20230810-COMP-DNA1,67da7f8bb025eb2b949f7e3b9d9dd8ff,20380453604
53011.1.528110.GAATTAGGAT-CTAAACGCTC.filter-METAGENOME.fastq.gz,6645877553447aa389ba037b,IMG_AP-1490196,UNDO20COMPDNA1_3/Filtered_Raw_Data,UNDO20COMPDNA1_3,UNDE_002-O-20230808-COMP-DNA1,86542b3e830dd76638e405257b6a376e,27932438053
53011.1.528110.TTACTATAGA-TGAGAGCGTT.filter-METAGENOME.fastq.gz,6645724c53447aa389ba021f,IMG_AP-1490198,UNDO20COMPDNA1_4/Filtered_Raw_Data,UNDO20COMPDNA1_4,UNDE_001-O-20230810-COMP-DNA1,b0778256772d42f408da3fa902920af8,19132508940
53011.1.528110.AAAGAATGTA-ATAGTGGTTG.filter-METAGENOME.fastq.gz,6645dc4353447aa389ba2ef2,IMG_AP-1490226,Soimic20COMPDNA1_40/Filtered_Raw_Data,Soimic20COMPDNA1_40,SRER_003-M-20230821-COMP-DNA1,578c21e28b1b7d59d326f721203e8a6c,20065604559
53011.1.528110.TCATGCCCTA-CCTTAACGGC.filter-METAGENOME.fastq.gz,6645dc4753447aa389ba2eff,IMG_AP-1490228,Soimic20COMPDNA1_70/Filtered_Raw_Data,Soimic20COMPDNA1_70,SRER_002-M-20230821-COMP-DNA1,7f533136cc8f7008484e5fb860d58c25,22999953083
53011.1.528110.TCGTGCAGCG-GTTAAGGCAA.filter-METAGENOME.fastq.gz,6645e3e853447aa389ba35c9,IMG_AP-1490230,SREM20COMPDNA1_11/Filtered_Raw_Data,SREM20COMPDNA1_11,SRER_001-M-20230821-COMP-DNA1,31272c60f88068c982b7be88841324f0,26350631683
53007.6.527184.AACGCATAGC-ACCAGGCGCA.filter-METAGENOME.fastq.gz,663b20b053447aa389b5363d,IMG_AP-1490258,Soimic20COMPDNA1_90/Filtered_Raw_Data,Soimic20COMPDNA1_90,ORNL_053-M-20230627-COMP-DNA1,353b63fcefc95bc761f5751f263d57c4,21797459025
53007.6.527184.CAAGAACCAC-TTACGTTTGT.filter-METAGENOME.fastq.gz,663b206c53447aa389b535fc,IMG_AP-1490260,Soimic20COMPDNA1_23/Filtered_Raw_Data,Soimic20COMPDNA1_23,ORNL_049-M-20230627-COMP-DNA1,a4c3533900c16f6d20ecf23c698dd50b,20461129608
53007.6.527184.GATCGATCGT-TTCCAACTTC.filter-METAGENOME.fastq.gz,663b28d753447aa389b54836,IMG_AP-1490262,ORNM20COMPDNA1_2/Filtered_Raw_Data,ORNM20COMPDNA1_2,ORNL_046-M-20230627-COMP-DNA1,f2f962cc5bcc278780ea8f846df294ad,21288711553
53007.6.527184.TACTGTCCAA-TACCTCGCTA.filter-METAGENOME.fastq.gz,663b18a753447aa389b53419,IMG_AP-1490264,Soimic20COMPDNA1_91/Filtered_Raw_Data,Soimic20COMPDNA1_91,ORNL_043-M-20230627-COMP-DNA1,0a4b8f9e5d435ab750c618bfabb44049,19450840851
53007.6.527184.CGGCCGCCAC-CGCCTGGGCA.filter-METAGENOME.fastq.gz,663b18a553447aa389b5340c,IMG_AP-1490266,ORNM20COMPDNA1/Filtered_Raw_Data,ORNM20COMPDNA1,ORNL_027-M-20230628-COMP-DNA1,87eb274bd0755c82edc92c8be54a0a53,18267847354
53005.3.525516.CCATTACGTC-TCTTTCGGGA.filter-METAGENOME.fastq.gz,662b5b4953447aa389b2dd8d,IMG_AP-1490270,ORNO20COMPDNA1/Filtered_Raw_Data,ORNO20COMPDNA1,ORNL_004-O-20230628-COMP-DNA1,05c8603054747a9d83d790139f692401,27349461470
53007.6.527184.ACTGTGAGTT-ACCTATAATC.filter-METAGENOME.fastq.gz,663b187753447aa389b533e5,IMG_AP-1490272,Soimic20COMPDNA1_92/Filtered_Raw_Data,Soimic20COMPDNA1_92,ORNL_003-M-20230626-COMP-DNA1,54f7e591c565ed205cabe5125adfeb5e,21478815606
53007.6.527184.ACCTTTAAGA-ATCCGAGGGA.filter-METAGENOME.fastq.gz,663b0a1953447aa389b52ae2,IMG_AP-1490274,Soimic20COMPDNA1_16/Filtered_Raw_Data,Soimic20COMPDNA1_16,ORNL_002-M-20230626-COMP-DNA1,61efb051844e086b14842d06f3e261d3,16178447180
53007.6.527184.CTGAATAGCA-CGTGCATTGA.filter-METAGENOME.fastq.gz,663b0a1f53447aa389b52aef,IMG_AP-1490276,ORNM20COMPDNA1_3/Filtered_Raw_Data,ORNM20COMPDNA1_3,ORNL_001-M-20230626-COMP-DNA1,73added0ff9d21daad3604d21a349def,19666062541
53007.6.527184.AACGTCCCGA-CTCTCAGGCT.filter-METAGENOME.fastq.gz,663b0a2653447aa389b52b09,IMG_AP-1490278,Soimic20COMPDNA1_93/Filtered_Raw_Data,Soimic20COMPDNA1_93,MLBS_067-M-20230711-COMP-DNA1,31341586f38f5826386f9d12359e65ba,23005493080
53007.6.527184.CCACCCGCCT-TACAGGAAGC.filter-METAGENOME.fastq.gz,663b0a2253447aa389b52afc,IMG_AP-1490280,Soimic20COMPDNA1_94/Filtered_Raw_Data,Soimic20COMPDNA1_94,MLBS_064-M-20230711-COMP-DNA1,aae90870b3c70bc48b74f5b70b0bf324,20697145136
53007.6.527184.GACCACGCTA-ACTGGAAAGT.filter-METAGENOME.fastq.gz,663b037a53447aa389b5295b,IMG_AP-1490282,Soimic20COMPDNA1_29/Filtered_Raw_Data,Soimic20COMPDNA1_29,MLBS_063-M-20230711-COMP-DNA1,5a3cffa3d45218a70043f2234643d298,20343589566
53007.6.527184.ACTGGTGTGA-AGTGTATTCA.filter-METAGENOME.fastq.gz,663b037d53447aa389b52968,IMG_AP-1490284,Soimic20COMPDNA1_30/Filtered_Raw_Data,Soimic20COMPDNA1_30,MLBS_061-O-20230711-COMP-DNA1,98bb84df5d66171154be66e3fb31c2dc,22187258825
53007.6.527184.TAAACGAGCA-AATCTTGACG.filter-METAGENOME.fastq.gz,663aeef953447aa389b526e2,IMG_AP-1490286,Soimic20COMPDNA1_21/Filtered_Raw_Data,Soimic20COMPDNA1_21,MLBS_061-M-20230711-COMP-DNA1,e1c9e91944332c9fb893cf87e3f7e8ef,16027317910
53005.3.525516.CGTATGGGTC-CCTGCCTCAC.filter-METAGENOME.fastq.gz,662b712753447aa389b2e41b,IMG_AP-1490288,Soimic20COMPDNA1_42/Filtered_Raw_Data,Soimic20COMPDNA1_42,MLBS_007-O-20230710-COMP-DNA1,9ec0c6cfbb7502b58b08b8698111b13d,24495375630
53005.3.525516.GAGTTCTGTC-CGGTGGACTC.filter-METAGENOME.fastq.gz,662b635e53447aa389b2e1a6,IMG_AP-1490290,Soimic20COMPDNA1_44/Filtered_Raw_Data,Soimic20COMPDNA1_44,MLBS_007-M-20230710-COMP-DNA1,f7e4cf472ecd685f8a9ca02a85dd99c8,18123983853
53005.3.525516.TCTTATCACT-TTGATTCAGC.filter-METAGENOME.fastq.gz,662b712953447aa389b2e428,IMG_AP-1490292,Soimic20COMPDNA1_46/Filtered_Raw_Data,Soimic20COMPDNA1_46,MLBS_006-M-20230710-COMP-DNA1,063c642d297cf34b7e60781c7896f2ac,25355696951
53005.3.525516.TCAACTATCA-AAACTTTGAC.filter-METAGENOME.fastq.gz,662b70de53447aa389b2e3ef,IMG_AP-1490294,MLBM20COMPDNA1_2/Filtered_Raw_Data,MLBM20COMPDNA1_2,MLBS_005-M-20230712-COMP-DNA1,55c5776d7974aaf485b3ee1ee5c6409f,29162305368
53005.3.525516.GTGCGAGGTT-CCTGGGCTTA.filter-METAGENOME.fastq.gz,662b70dd53447aa389b2e3e5,IMG_AP-1490296,MLBM20COMPDNA1_3/Filtered_Raw_Data,MLBM20COMPDNA1_3,MLBS_003-M-20230712-COMP-DNA1,f3b7f091bef05b564649fcd5abffa392,28448633185
53005.3.525516.CATTCCCTGT-CTGCGGGCCT.filter-METAGENOME.fastq.gz,662b5bdb53447aa389b2de3c,IMG_AP-1490298,MLBO20COMPDNA1/Filtered_Raw_Data,MLBO20COMPDNA1,MLBS_002-O-20230712-COMP-DNA1,e6f58a7e9fd7d68ee03ef683cfd43cd1,20385495235
53005.3.525516.CGGGATGTGG-TTAGTTATTT.filter-METAGENOME.fastq.gz,662b632453447aa389b2e15d,IMG_AP-1490300,Soimic20COMPDNA1_25/Filtered_Raw_Data,Soimic20COMPDNA1_25,MLBS_002-M-20230712-COMP-DNA1,962b4d2c536f0a511fcaaedfc9c832ae,29543855768
53005.3.525516.GAATTTCTCG-ACTCGCGACT.filter-METAGENOME.fastq.gz,662b632053447aa389b2e150,IMG_AP-1490302,MLBM20COMPDNA1/Filtered_Raw_Data,MLBM20COMPDNA1,MLBS_001-M-20230712-COMP-DNA1,2c12b8d55cdfd08ee5193df2824292a9,27430857657
53017.8.536991.CGATAGAGTC-GTCTTCTTAC.filter-METAGENOME.fastq.gz,6667a54153447aa389c3c639,IMG_SP-1490051,CPEM20COMPDNA1_7/Filtered_Raw_Data,CPEM20COMPDNA1_7,CPER_002-M-20230628-COMP-DNA1,1de0a8ebbab74ead9427d1369680951c,7773998884
53017.8.536991.ATAAAGGACT-AGAGTAGTCG.filter-METAGENOME.fastq.gz,6667a55753447aa389c3c679,IMG_SP-1490052,CPEM20COMPDNA1_8/Filtered_Raw_Data,CPEM20COMPDNA1_8,CPER_003-M-20230628-COMP-DNA1,196ebf4d752aa4b3cfdcd87fd739c954,7423830043
53017.8.536991.TCCGTGAAGC-CGCATCGTTT.filter-METAGENOME.fastq.gz,6667b25253447aa389c3c7a7,IMG_SP-1490053,CPEM20COMPDNA1_9/Filtered_Raw_Data,CPEM20COMPDNA1_9,CPER_004-M-20230626-COMP-DNA1,f0a281b9378427ee0b4a7dfb3e6e04d6,11017799286
53017.8.536991.TCGTTCGTAA-CTCGAACCGG.filter-METAGENOME.fastq.gz,6667abf753447aa389c3c701,IMG_SP-1490054,CPEM20COMPDNA1_10/Filtered_Raw_Data,CPEM20COMPDNA1_10,CPER_005-M-20230626-COMP-DNA1,182ace3d395a4cab66d6b1a0523eaac8,12368648692
53017.8.536991.CAACCTGTGT-CTCAGCTTTC.filter-METAGENOME.fastq.gz,6667c29953447aa389c3ca6a,IMG_SP-1490055,CPEM20COMPDNA1_11/Filtered_Raw_Data,CPEM20COMPDNA1_11,CPER_006-M-20230628-COMP-DNA1,91c9fa3da165b9a7154c95e5696fd430,13721200050
53017.8.536991.TGAAAGTGGA-CCATAGCGAC.filter-METAGENOME.fastq.gz,6667c2d253447aa389c3caec,IMG_SP-1490056,CPEM20COMPDNA1_12/Filtered_Raw_Data,CPEM20COMPDNA1_12,CPER_045-M-20230628-COMP-DNA1,d50ecbdb5f6427964efe7a66dda2db62,11302227264
53017.8.536991.CTTCATCTTA-GTATGGTCCG.filter-METAGENOME.fastq.gz,6667c2d253447aa389c3cae2,IMG_SP-1490057,CPEM20COMPDNA1_13/Filtered_Raw_Data,CPEM20COMPDNA1_13,CPER_046-M-20230626-COMP-DNA1,ea28f7d9b67c4f4e2f1c1fa8005f27a1,10995060460
53023.3.548466.TGGCCGGGAT-GATGACTGGG.filter-METAGENOME.fastq.gz,668fd38b5f9f358d68557439,IMG_SP-1490058,CPEM20COMPDNA1_14/Filtered_Raw_Data,CPEM20COMPDNA1_14,CPER_047-M-20230626-COMP-DNA1,08ef9a93bb22f6a242ce5c533cf1c785,15238557117
53023.3.548466.ACGGGTGAGC-GTTTCCGTAC.filter-METAGENOME.fastq.gz,668fe1de5f9f358d68557543,IMG_SP-1490059,CPEM20COMPDNA1_15/Filtered_Raw_Data,CPEM20COMPDNA1_15,CPER_048-M-20230626-COMP-DNA1,d8434cfa89c8c29a74ee322cfa21e94b,19033345969
53023.3.548466.TTTGGGTGCG-CCGAAGCGTT.filter-METAGENOME.fastq.gz,668fefcb5f9f358d68557812,IMG_SP-1490060,LENM20COMPDNA1/Filtered_Raw_Data,LENM20COMPDNA1,LENO_001-M-20230627-COMP-DNA1,b95b53e10012474e0ee14a3c903e2b6d,18185804257
53023.3.548466.ACATCCCGGT-TATTGCACCG.filter-METAGENOME.fastq.gz,668fefc85f9f358d68557805,IMG_SP-1490061,LENM20COMPDNA1_2/Filtered_Raw_Data,LENM20COMPDNA1_2,LENO_002-M-20230629-COMP-DNA1,ab0e83794b151c46162112129a92edb3,17305023928
53023.3.548466.AAACAATAGT-ACCTACTGAA.filter-METAGENOME.fastq.gz,669005ff5f9f358d68557c15,IMG_SP-1490062,LENM20COMPDNA1_3/Filtered_Raw_Data,LENM20COMPDNA1_3,LENO_003-M-20230629-COMP-DNA1,a295af283fc14f1eb49a586a2bcd2700,21808940670
53023.3.548466.CGTGCTCAAG-TACACGTACT.filter-METAGENOME.fastq.gz,66901aff5f9f358d6855802f,IMG_SP-1490063,LENM20COMPDNA1_4/Filtered_Raw_Data,LENM20COMPDNA1_4,LENO_004-M-20230627-COMP-DNA1,71a471e9345b61904ddac44b4c67281b,25333749266
53023.3.548466.GAGACTCCTC-CGCGCTTGTC.filter-METAGENOME.fastq.gz,669023a05f9f358d68558241,IMG_SP-1490064,LENM20COMPDNA1_5/Filtered_Raw_Data,LENM20COMPDNA1_5,LENO_005-M-20230627-COMP-DNA1,30d36b725b022ad1d0a93445f026b73c,28024554884
53023.3.548466.ATTGTGAATA-TATATGTTCG.filter-METAGENOME.fastq.gz,668ff8a35f9f358d685579ca,IMG_SP-1490065,LENM20COMPDNA1_6/Filtered_Raw_Data,LENM20COMPDNA1_6,LENO_006-M-20230629-COMP-DNA1,3786de146d27b110c5ddaa1d7d4e659e,14212604642
53023.3.548466.CATACGGCAT-GCAAGGTGTT.filter-METAGENOME.fastq.gz,6690238d5f9f358d68558227,IMG_SP-1490066,LENM20COMPDNA1_7/Filtered_Raw_Data,LENM20COMPDNA1_7,LENO_061-M-20230629-COMP-DNA1,24c8d62bcd80156f33e0aa5860ca3b5b,19760298334
53023.3.548466.AAACGCACAC-CTGTGCCGTT.filter-METAGENOME.fastq.gz,668fff225f9f358d68557b70,IMG_SP-1490067,LENM20COMPDNA1_8/Filtered_Raw_Data,LENM20COMPDNA1_8,LENO_062-M-20230629-COMP-DNA1,c8de3434a905521cd45aee0faa638467,10894237924
53023.3.548466.CACGCTTCAA-TGTAGCGGAC.filter-METAGENOME.fastq.gz,669006245f9f358d68557c49,IMG_SP-1490068,SJEM20COMPDNA1_11/Filtered_Raw_Data,SJEM20COMPDNA1_11,SJER_001-M-20230227-COMP-DNA1,79c438eb62be53d969fdd1a9c1c00325,13279619235
53023.3.548466.AGACAGTACG-ATTGTCACGG.filter-METAGENOME.fastq.gz,66902fe15f9f358d68558883,IMG_SP-1490069,LENM20COMPDNA1_9/Filtered_Raw_Data,LENM20COMPDNA1_9,LENO_064-M-20230627-COMP-DNA1,d04f9707d530cebb7c4d34406145d750,20531048117
53025.1.552789.AGTCCCTCGT-TCAATAGTTT.filter-METAGENOME.fastq.gz,669a005d5f9f358d68579633,IMG_SP-1490070,TALM20COMPDNA1/Filtered_Raw_Data,TALM20COMPDNA1,TALL_001-M-20230531-COMP-DNA1,3abe8ad684bdebfe6390ac21ff23da0d,19693429566
53025.1.552789.CCCGATAATC-TGACCATTGA.filter-METAGENOME.fastq.gz,669a0d285f9f358d685798fb,IMG_SP-1490071,TALM20COMPDNA1_2/Filtered_Raw_Data,TALM20COMPDNA1_2,TALL_002-M-20230530-COMP-DNA1,6b2b2c5fb1a598a199035c1a1b3a4d8a,17357575718
53025.1.552789.CTACGTCCAG-ACACTGCTAC.filter-METAGENOME.fastq.gz,669a2f8e5f9f358d6857b13f,IMG_SP-1490072,TALM20COMPDNA1_3/Filtered_Raw_Data,TALM20COMPDNA1_3,TALL_003-M-20230531-COMP-DNA1,f841864ace6397213ff76df689c7886a,30010050639
53025.1.552789.TAATAAGCGA-AGCAATCAAC.filter-METAGENOME.fastq.gz,669a2f725f9f358d6857b125,IMG_SP-1490073,TALM20COMPDNA1_4/Filtered_Raw_Data,TALM20COMPDNA1_4,TALL_004-M-20230531-COMP-DNA1,614e056b411f6ff3acacaa2df6275284,16501161497
53025.1.552789.ACAACCAGCT-CGTACGATGA.filter-METAGENOME.fastq.gz,669a1d6c5f9f358d6857a920,IMG_SP-1490074,TALM20COMPDNA1_5/Filtered_Raw_Data,TALM20COMPDNA1_5,TALL_006-M-20230531-COMP-DNA1,74a43a813f62546c6c416e0488b2fa1f,17032808293
53025.1.552789.CAAGATCTGT-TAAACGTAGA.filter-METAGENOME.fastq.gz,669a0d1b5f9f358d685798ed,IMG_SP-1490075,TALM20COMPDNA1_6/Filtered_Raw_Data,TALM20COMPDNA1_6,TALL_007-M-20230530-COMP-DNA1,651cfa7f98a5ce2604213df94901ee6b,11606959919
53025.1.552789.ATAACCTAGA-GATACTTCCA.filter-METAGENOME.fastq.gz,669a1d755f9f358d6857a93c,IMG_SP-1490076,SJEM20COMPDNA1_12/Filtered_Raw_Data,SJEM20COMPDNA1_12,SJER_002-M-20230228-COMP-DNA1,7bf6411bc391fb51178a1aaccf2a849a,20864274624
53025.1.552789.AACACGAGTC-CTGGGAGAAA.filter-METAGENOME.fastq.gz,669a1d6b5f9f358d6857a915,IMG_SP-1490077,TALM20COMPDNA1_7/Filtered_Raw_Data,TALM20COMPDNA1_7,TALL_047-M-20230530-COMP-DNA1,b32d863b4701938bfeded92743afa0b2,16423046211
53025.1.552789.TGTTTCATCG-CCCTCACTAC.filter-METAGENOME.fastq.gz,669a1d705f9f358d6857a92f,IMG_SP-1490078,TALM20COMPDNA1_8/Filtered_Raw_Data,TALM20COMPDNA1_8,TALL_051-M-20230530-COMP-DNA1,2f836ace08cb9c1b74a8deebbf561e0c,18861726398
53025.1.552789.CCAGGCTTCG-CCGTGTGCTT.filter-METAGENOME.fastq.gz,669a1daf5f9f358d6857a970,IMG_SP-1490079,TALM20COMPDNA1_9/Filtered_Raw_Data,TALM20COMPDNA1_9,TALL_054-M-20230530-COMP-DNA1,0639adbe344e8d4a5f795081f13ca765,15143393565
53025.1.552789.AGTCCGCAGA-CGCGGAGCTA.filter-METAGENOME.fastq.gz,669a20e65f9f358d6857abec,IMG_SP-1490080,HARO20COMPDNA1_7/Filtered_Raw_Data,HARO20COMPDNA1_7,HARV_001-O-20230705-COMP-DNA1,eeed9f76b807b09e39737ef69500530a,18380158795
53025.1.552789.CTTCTCGCTG-ATGGGTTAGC.filter-METAGENOME.fastq.gz,669a276b5f9f358d6857ad8c,IMG_SP-1490081,HARO20COMPDNA1_8/Filtered_Raw_Data,HARO20COMPDNA1_8,HARV_002-O-20230706-COMP-DNA1,1f9aabea28da10a847799f72270f52f4,17209843816
53023.5.548664.AGGGACAAGG-CCTGCTCCGT.filter-METAGENOME.fastq.gz,668fe1b05f9f358d6855751b,IMG_SP-1490082,HARO20COMPDNA1_9/Filtered_Raw_Data,HARO20COMPDNA1_9,HARV_004-O-20230705-COMP-DNA1,f2289bd294a3e52f1a58e6b2a6f5ec20,27307966762
53023.5.548664.CGAAACATGA-CATGCGAGCA.filter-METAGENOME.fastq.gz,6690145b5f9f358d68557e95,IMG_SP-1490083,HARO20COMPDNA1_10/Filtered_Raw_Data,HARO20COMPDNA1_10,HARV_005-O-20230710-COMP-DNA1,1b8dfabc98db71e03a8575fa3de252b8,26739183274
53023.5.548664.GCTCGCCCAC-TTGTGCGTCG.filter-METAGENOME.fastq.gz,66900d435f9f358d68557dd5,IMG_SP-1490084,HARO20COMPDNA1_11/Filtered_Raw_Data,HARO20COMPDNA1_11,HARV_013-O-20230704-COMP-DNA1,b439514a4f6f9b35d6a39f95ba837eb7,28904514412
53023.5.548664.TTACCATGGT-TTTAGTTCTT.filter-METAGENOME.fastq.gz,669005f95f9f358d68557bfb,IMG_SP-1490085,HARO20COMPDNA1_12/Filtered_Raw_Data,HARO20COMPDNA1_12,HARV_021-O-20230706-COMP-DNA1,5dd42096239b02a08aae673a4c3d854c,19096758606
53023.5.548664.CGGGCTAGGA-GATACGAGCT.filter-METAGENOME.fastq.gz,669029835f9f358d68558648,IMG_SP-1490086,HARO20COMPDNA1_13/Filtered_Raw_Data,HARO20COMPDNA1_13,HARV_033-O-20230703-COMP-DNA1,8cc3fadda99b0f8f2f2b4816ba6fea75,25198096638
53023.5.548664.TCTGTTCCCT-AGGTGTGTTT.filter-METAGENOME.fastq.gz,669023965f9f358d68558234,IMG_SP-1490087,HARO20COMPDNA1_14/Filtered_Raw_Data,HARO20COMPDNA1_14,HARV_034-O-20230703-COMP-DNA1,734ee53ed1ab0257906c6b5b483ee73b,24246798188
53019.3.539528.CCGCTGCAGT-TGTTGCGGCG.filter-METAGENOME.fastq.gz,667f608c53447aa389ca7e17,IMG_SP-1490088,HARO20COMPDNA1_15/Filtered_Raw_Data,HARO20COMPDNA1_15,HARV_035-O-20230704-COMP-DNA1,9f767220dd8044018239edd10f2f74eb,15587422195
53019.3.539528.ATCAACCCTG-CACCCTAAGC.filter-METAGENOME.fastq.gz,667f51d053447aa389ca73c7,IMG_SP-1490089,HARO20COMPDNA1_16/Filtered_Raw_Data,HARO20COMPDNA1_16,HARV_037-O-20230704-COMP-DNA1,f5a6c7f5cc3cd6a3a47c524ee4c40317,10568899015
53019.3.539528.AATACCTAAG-TTCTGTAATA.filter-METAGENOME.fastq.gz,667f60c253447aa389ca7e34,IMG_SP-1490090,BONO20COMPDNA1_12/Filtered_Raw_Data,BONO20COMPDNA1_12,BONA_001-O-20230710-COMP-DNA1,f53c643e326a7f9254934847c7096108,16178553149
53019.3.539528.AAGGCCGTTC-CAATCATGCT.filter-METAGENOME.fastq.gz,667f6f1653447aa389ca887c,IMG_SP-1490094,BONO20COMPDNA1_13/Filtered_Raw_Data,BONO20COMPDNA1_13,BONA_009-O-20230711-COMP-DNA1,ae2c1d7c3c12354c51302219bd2c885a,18463116830
53019.3.539528.GTCGGGTCTT-CTAAATCGTC.filter-METAGENOME.fastq.gz,667f687853447aa389ca84ea,IMG_SP-1490096,BONO20COMPDNA1_14/Filtered_Raw_Data,BONO20COMPDNA1_14,BONA_070-O-20230712-COMP-DNA1,31fc17307a4b6e4aff9ea50ba3a8e035,17384183008
53019.3.539528.ATAAAGGACT-AGAGTAGTCG.filter-METAGENOME.fastq.gz,667f68a853447aa389ca8520,IMG_SP-1490098,BONO20COMPDNA1_15/Filtered_Raw_Data,BONO20COMPDNA1_15,BONA_080-O-20230713-COMP-DNA1,0fa908445ef63cc6f0f53540675fe510,18380830225
53029.6.559074.TCCGTGAAGC-CGCATCGTTT.filter-METAGENOME.fastq.gz,66a4fa025f9f358d685a9441,IMG_SP-1490099,BONO20COMPDNA1_16/Filtered_Raw_Data,BONO20COMPDNA1_16,BONA_084-O-20230713-COMP-DNA1,46b4da9bab8f7f2358817fdadaeacc81,10872780455
53029.6.559074.TCGTTCGTAA-CTCGAACCGG.filter-METAGENOME.fastq.gz,66a498745f9f358d685a7bdb,IMG_SP-1490100,DEJM20COMPDNA1_2/Filtered_Raw_Data,DEJM20COMPDNA1_2,DEJU_001-M-20230628-COMP-DNA1,3ad335a9dc1b44525c0c457b8f02a4f6,6563151873
53029.7.559109.CAACCTGTGT-CTCAGCTTTC.filter-METAGENOME.fastq.gz,66a503b85f9f358d685a97b3,IMG_SP-1490101,DEJM20COMPDNA1_3/Filtered_Raw_Data,DEJM20COMPDNA1_3,DEJU_002-M-20230629-COMP-DNA1,00bcab3ef0deb98f5c056d0cec416b09,28104119192
53029.7.559109.TGAAAGTGGA-CCATAGCGAC.filter-METAGENOME.fastq.gz,66a503b25f9f358d685a9799,IMG_SP-1490102,DEJO20COMPDNA1_6/Filtered_Raw_Data,DEJO20COMPDNA1_6,DEJU_002-O-20230629-COMP-DNA1,c6941075543aa04ca5929ac73bbaa486,24914014534
53029.7.559109.CTTCATCTTA-GTATGGTCCG.filter-METAGENOME.fastq.gz,66a6274b5f9f358d685aab49,IMG_SP-1490103,DEJM20COMPDNA1_4/Filtered_Raw_Data,DEJM20COMPDNA1_4,DEJU_006-M-20230628-COMP-DNA1,8f9dd9dfa925b70b0d5645d9045c912e,24239536867
53029.7.559109.TGGCCGGGAT-GATGACTGGG.filter-METAGENOME.fastq.gz,66a4983f5f9f358d685a7b66,IMG_SP-1490104,DEJO20COMPDNA1_7/Filtered_Raw_Data,DEJO20COMPDNA1_7,DEJU_006-O-20230628-COMP-DNA1,e3055ac464064db1b42f5eb5be7eba3c,14706111819
53029.7.559109.ACGGGTGAGC-GTTTCCGTAC.filter-METAGENOME.fastq.gz,66a503b55f9f358d685a97a6,IMG_SP-1490105,DEJM20COMPDNA1_5/Filtered_Raw_Data,DEJM20COMPDNA1_5,DEJU_009-M-20230628-COMP-DNA1,49348a8a418288dd00fc58dabe30a570,26489866162
53029.7.559109.TTTGGGTGCG-CCGAAGCGTT.filter-METAGENOME.fastq.gz,66a504315f9f358d685a97e7,IMG_SP-1490106,DEJO20COMPDNA1_8/Filtered_Raw_Data,DEJO20COMPDNA1_8,DEJU_009-O-20230628-COMP-DNA1,22d274462a2265532f802973454cf300,24845258233
53029.7.559109.ACATCCCGGT-TATTGCACCG.filter-METAGENOME.fastq.gz,66a5042a5f9f358d685a97cd,IMG_SP-1490107,DEJM20COMPDNA1_6/Filtered_Raw_Data,DEJM20COMPDNA1_6,DEJU_014-M-20230628-COMP-DNA1,b69a7e87d824cff441c95a535f8e0f9e,21280120283
53029.7.559109.AAACAATAGT-ACCTACTGAA.filter-METAGENOME.fastq.gz,66a5043c5f9f358d685a97f4,IMG_SP-1490108,DEJO20COMPDNA1_9/Filtered_Raw_Data,DEJO20COMPDNA1_9,DEJU_014-O-20230628-COMP-DNA1,e36fba49b5f7ec724ce213232154ad02,29697295837
53029.7.559109.CGTGCTCAAG-TACACGTACT.filter-METAGENOME.fastq.gz,66a5042d5f9f358d685a97da,IMG_SP-1490109,DEJM20COMPDNA1_7/Filtered_Raw_Data,DEJM20COMPDNA1_7,DEJU_015-M-20230629-COMP-DNA1,f81bc23777bcdc2252005e77dc760be1,22273263884
53029.7.559109.ATTGTGAATA-TATATGTTCG.filter-METAGENOME.fastq.gz,66a4f9e95f9f358d685a9434,IMG_SP-1490111,DEJM20COMPDNA1_8/Filtered_Raw_Data,DEJM20COMPDNA1_8,DEJU_045-M-20230626-COMP-DNA1,e50706e711fec5743fbd3cc3368a3113,28268312789
53029.7.559109.CATACGGCAT-GCAAGGTGTT.filter-METAGENOME.fastq.gz,66a5046e5f9f358d685a9801,IMG_SP-1490112,DEJO20COMPDNA1_10/Filtered_Raw_Data,DEJO20COMPDNA1_10,DEJU_045-O-20230626-COMP-DNA1,8b62665f92e95aa79b4d2f47253510ed,20942327968
53029.7.559109.AAACGCACAC-CTGTGCCGTT.filter-METAGENOME.fastq.gz,66a504755f9f358d685a9810,IMG_SP-1490113,DEJM20COMPDNA1_9/Filtered_Raw_Data,DEJM20COMPDNA1_9,DEJU_046-M-20230626-COMP-DNA1,7d88e61500cc9d9b3bf28417b1c261f5,24836017049
53029.7.559109.CACGCTTCAA-TGTAGCGGAC.filter-METAGENOME.fastq.gz,66a4fa1e5f9f358d685a944e,IMG_SP-1490114,DEJO20COMPDNA1_11/Filtered_Raw_Data,DEJO20COMPDNA1_11,DEJU_046-O-20230626-COMP-DNA1,0eab515fb5a66ef120883735863e216f,23309668101
53029.7.559109.AGACAGTACG-ATTGTCACGG.filter-METAGENOME.fastq.gz,66a504875f9f358d685a981d,IMG_SP-1490115,DEJM20COMPDNA1_10/Filtered_Raw_Data,DEJM20COMPDNA1_10,DEJU_047-M-20230626-COMP-DNA1,5013751ff63fa45380f9074e64b54143,33130233180
53040.1.562022.AGTCCCTCGT-TCAATAGTTT.filter-METAGENOME.fastq.gz,66b32d645f9f358d6860ce0f,IMG_SP-1490116,DEJO20COMPDNA1_12/Filtered_Raw_Data,DEJO20COMPDNA1_12,DEJU_047-O-20230626-COMP-DNA1,1a2d26089e00705e4fa81f34ba0c45cb,25231888975
53040.1.562022.CCCGATAATC-TGACCATTGA.filter-METAGENOME.fastq.gz,66b320025f9f358d6860cc99,IMG_SP-1490117,DEJM20COMPDNA1_11/Filtered_Raw_Data,DEJM20COMPDNA1_11,DEJU_048-M-20230626-COMP-DNA1,bddc7b3f800eaf38d1832a8078edc169,21188859703
53040.1.562022.CTACGTCCAG-ACACTGCTAC.filter-METAGENOME.fastq.gz,66b33b2c5f9f358d6860cff4,IMG_SP-1490118,DEJO20COMPDNA1_13/Filtered_Raw_Data,DEJO20COMPDNA1_13,DEJU_048-O-20230626-COMP-DNA1,677f3e82f0a470c4f2a1c8399f578db9,31567234080
53040.1.562022.TAATAAGCGA-AGCAATCAAC.filter-METAGENOME.fastq.gz,66b31fff5f9f358d6860cc81,IMG_SP-1490119,ONAM20COMPDNA1_13/Filtered_Raw_Data,ONAM20COMPDNA1_13,ONAQ_002-M-20230626-COMP-DNA1,61e1eed0b168b3cf7cb4aebe384c148d,19746767786
53040.1.562022.ACAACCAGCT-CGTACGATGA.filter-METAGENOME.fastq.gz,66b3204b5f9f358d6860ccd5,IMG_SP-1490120,SJEM20COMPDNA1_13/Filtered_Raw_Data,SJEM20COMPDNA1_13,SJER_003-M-20230301-COMP-DNA1,c6d865f70b97ca7d02ff090e7ff99583,21747882441
53040.1.562022.CAAGATCTGT-TAAACGTAGA.filter-METAGENOME.fastq.gz,66b317ca5f9f358d6860cb8a,IMG_SP-1490121,ONAM20COMPDNA1_14/Filtered_Raw_Data,ONAM20COMPDNA1_14,ONAQ_004-M-20230627-COMP-DNA1,f3c324c7f0285e19a6f74480ef95f2f0,16016465833
53040.1.562022.ATAACCTAGA-GATACTTCCA.filter-METAGENOME.fastq.gz,66b3203c5f9f358d6860ccc7,IMG_SP-1490122,ONAM20COMPDNA1_15/Filtered_Raw_Data,ONAM20COMPDNA1_15,ONAQ_005-M-20230627-COMP-DNA1,6569ac58828dde887f126a864bb228e7,15503994120
53040.1.562022.AACACGAGTC-CTGGGAGAAA.filter-METAGENOME.fastq.gz,66b334195f9f358d6860cf62,IMG_SP-1490123,ONAM20COMPDNA1_16/Filtered_Raw_Data,ONAM20COMPDNA1_16,ONAQ_008-M-20230626-COMP-DNA1,b666fb8deaf315246d71fefcab2a581a,23777986610
53040.1.562022.AGGGACAAGG-CCTGCTCCGT.filter-METAGENOME.fastq.gz,66b349ed5f9f358d6860d256,IMG_SP-1490128,ONAM20COMPDNA1_17/Filtered_Raw_Data,ONAM20COMPDNA1_17,ONAQ_044-M-20230626-COMP-DNA1,c7a777f7bf5e158e0a0259676ff4b08b,25867767448
53040.1.562022.CGAAACATGA-CATGCGAGCA.filter-METAGENOME.fastq.gz,66b349e25f9f358d6860d23a,IMG_SP-1490129,WREO20COMPDNA1_11/Filtered_Raw_Data,WREO20COMPDNA1_11,WREF_003-O-20230712-COMP-DNA1,f7a1b47db8a8b1961e774ad4b5060d1c,20804909567
53040.1.562022.GCTCGCCCAC-TTGTGCGTCG.filter-METAGENOME.fastq.gz,66b349e05f9f358d6860d22c,IMG_SP-1490130,WREO20COMPDNA1_12/Filtered_Raw_Data,WREO20COMPDNA1_12,WREF_004-O-20230712-COMP-DNA1,4c3857c8398a635452a8e7f066859952,19191597521
53040.2.562040.TTACCATGGT-TTTAGTTCTT.filter-METAGENOME.fastq.gz,66b326565f9f358d6860cdae,IMG_SP-1490131,SJEM20COMPDNA1_14/Filtered_Raw_Data,SJEM20COMPDNA1_14,SJER_004-M-20230301-COMP-DNA1,a7ce56799ffc9a6730327d628be94f57,24745076809
53040.2.562040.CGGGCTAGGA-GATACGAGCT.filter-METAGENOME.fastq.gz,66b317c85f9f358d6860cb7c,IMG_SP-1490132,WREO20COMPDNA1_13/Filtered_Raw_Data,WREO20COMPDNA1_13,WREF_007-O-20230710-COMP-DNA1,ada9dc8226cca40fbf1c48620b0d0431,14788796345
53040.2.562040.TCTGTTCCCT-AGGTGTGTTT.filter-METAGENOME.fastq.gz,66b320015f9f358d6860cc8f,IMG_SP-1490133,WREO20COMPDNA1_14/Filtered_Raw_Data,WREO20COMPDNA1_14,WREF_008-O-20230712-COMP-DNA1,9b45a7e204000f40920b55c1961fa131,20738372021
53040.2.562040.ACAACTCACT-CTGGCATTCT.filter-METAGENOME.fastq.gz,66b32d5c5f9f358d6860ce01,IMG_SP-1490134,SJEM20COMPDNA1_15/Filtered_Raw_Data,SJEM20COMPDNA1_15,SJER_005-M-20230306-COMP-DNA1,ac88d0a718a915a1672939594c2b994f,23388811818
53040.2.562040.CATGAACTTA-ATCGATTTAG.filter-METAGENOME.fastq.gz,66b326475f9f358d6860cda0,IMG_SP-1490135,YELM20COMPDNA1_17/Filtered_Raw_Data,YELM20COMPDNA1_17,YELL_046-M-20230801-COMP-DNA1,6c178f49a0c2926f16010b25f3e234bb,20748290389
53040.2.562040.CCCTGACCCT-GTGCATACCA.filter-METAGENOME.fastq.gz,66b32dcc5f9f358d6860ce2b,IMG_SP-1490136,WREO20COMPDNA1_15/Filtered_Raw_Data,WREO20COMPDNA1_15,WREF_071-O-20230710-COMP-DNA1,eca0a984b2ea953229a9f2e21fba882d,20236871324
53040.2.562040.CCGCGTTGAC-TCATATCTGT.filter-METAGENOME.fastq.gz,66b32dcb5f9f358d6860ce1d,IMG_SP-1490137,WREM20COMPDNA1_6/Filtered_Raw_Data,WREM20COMPDNA1_6,WREF_072-M-20230712-COMP-DNA1,038da34138625dc1b6f43c15861505d7,19742666620
53040.2.562040.CCTATATCTT-CGAACGGGAT.filter-METAGENOME.fastq.gz,66b32dd05f9f358d6860ce39,IMG_SP-1490138,WREO20COMPDNA1_16/Filtered_Raw_Data,WREO20COMPDNA1_16,WREF_072-O-20230712-COMP-DNA1,9a4dbbf21b592eb8d0a182b348780965,22300820686
53040.2.562040.CGCTCCGACA-CCATACGCTA.filter-METAGENOME.fastq.gz,66b33b1a5f9f358d6860cfd8,IMG_SP-1490139,YELM20COMPDNA1_18/Filtered_Raw_Data,YELM20COMPDNA1_18,YELL_051-M-20230801-COMP-DNA1,a19aad721a21d9b8b52353b73b51a257,23359958268
53040.2.562040.CCGGCAGCAG-TCTGCAACCG.filter-METAGENOME.fastq.gz,66b341f75f9f358d6860d0e3,IMG_SP-1490140,YELM20COMPDNA1_19/Filtered_Raw_Data,YELM20COMPDNA1_19,YELL_003-M-20230802-COMP-DNA1,daf5ad4794e3aae41031047134564b80,26789616622
53040.2.562040.ACGAATTCCG-TATCCAAGTT.filter-METAGENOME.fastq.gz,66b33b5b5f9f358d6860d057,IMG_SP-1490141,YELM20COMPDNA1_20/Filtered_Raw_Data,YELM20COMPDNA1_20,YELL_052-M-20230802-COMP-DNA1,cad1aa4e5e2f201a05c5b14a17a6b9a7,19806557765
53040.2.562040.CACAGACCTG-TAGATGAGTT.filter-METAGENOME.fastq.gz,66b349e65f9f358d6860d248,IMG_SP-1490142,YELM20COMPDNA1_21/Filtered_Raw_Data,YELM20COMPDNA1_21,YELL_048-M-20230801-COMP-DNA1,ba00ba3066ed2d59a0adf9593369f08c,22476275579
53041.5.562632.AGCGAACAGG-ACTATATGGT.filter-METAGENOME.fastq.gz,66b463a05f9f358d68612719,IMG_SP-1490332,WOOM20COMPDNA1_19/Filtered_Raw_Data,WOOM20COMPDNA1_19,WOOD_045-M-20230703-COMP-DNA1,1665d07697869a63c21b4427e2168534,13725122821
53041.5.562632.TCCTAAGTGA-GTGGTAAGGC.filter-METAGENOME.fastq.gz,66b471375f9f358d68612c74,IMG_SP-1490333,WOOM20COMPDNA1_20/Filtered_Raw_Data,WOOM20COMPDNA1_20,WOOD_044-M-20230703-COMP-DNA1,18300908038aed2a8d9cdcdbf5b8b7c0,22107487115
53041.5.562632.CTGACCCTTA-AAATACAGTT.filter-METAGENOME.fastq.gz,66b45c555f9f358d68612553,IMG_SP-1490334,WOOM20COMPDNA1_21/Filtered_Raw_Data,WOOM20COMPDNA1_21,WOOD_043-M-20230704-COMP-DNA1,cbfe133f458403c68b6553ee2da4b3ad,19708374274
53041.5.562632.ATAACTGCAG-CCGTACGAAG.filter-METAGENOME.fastq.gz,66b44f315f9f358d6861224b,IMG_SP-1490336,WOOO20COMPDNA1_2/Filtered_Raw_Data,WOOO20COMPDNA1_2,WOOD_024-O-20230703-COMP-DNA1,0a2fa8ebe6bb8a6b6a18f701809e366f,17301727835
53041.5.562632.AATCAGCATA-GAACCACTCT.filter-METAGENOME.fastq.gz,66b44f325f9f358d68612259,IMG_SP-1490337,WOOM20COMPDNA1_22/Filtered_Raw_Data,WOOM20COMPDNA1_22,WOOD_024-M-20230703-COMP-DNA1,4084c387cab880f4b9dff6056f415a3d,18002715009
53042.7.563433.TGACAGCCGT-GCGGGATTCT.filter-METAGENOME.fastq.gz,66c7014c7ca17979ea4339ab,IMG_SP-1490338,WOOM20COMPDNA1_23/Filtered_Raw_Data,WOOM20COMPDNA1_23,WOOD_005-M-20230705-COMP-DNA1,43334039484d52c6e6c06187eb6b6093,16912122532
53042.7.563433.ATCCACATGG-CTGGCTCCTC.filter-METAGENOME.fastq.gz,66c716337ca17979ea433c42,IMG_SP-1490339,WOOM20COMPDNA1_24/Filtered_Raw_Data,WOOM20COMPDNA1_24,WOOD_004-M-20230704-COMP-DNA1,cd29365a45e7f1f33c51c1fd5edcae49,30720635873
53042.7.563433.ACAGCGAATT-TGACGGAATC.filter-METAGENOME.fastq.gz,66c715f47ca17979ea433c34,IMG_SP-1490340,WOOM20COMPDNA1_25/Filtered_Raw_Data,WOOM20COMPDNA1_25,WOOD_003-M-20230705-COMP-DNA1,5716156a55a1fe206186c873d42da390,27139619717
53042.7.563433.CCAAGATTTA-ACGTCTTTGC.filter-METAGENOME.fastq.gz,66c6faba7ca17979ea43388d,IMG_SP-1490341,WOOM20COMPDNA1_26/Filtered_Raw_Data,WOOM20COMPDNA1_26,WOOD_002-M-20230705-COMP-DNA1,8c78a49861634d3dcebff10d5579c1a7,20391410178
53042.7.563433.GCACGGTTCT-CTGTTAGATT.filter-METAGENOME.fastq.gz,66c6df587ca17979ea4328a3,IMG_SP-1490342,WOOM20COMPDNA1_27/Filtered_Raw_Data,WOOM20COMPDNA1_27,WOOD_001-M-20230704-COMP-DNA1,e1c6a1cbf0b1cb4a3ee322caaa18cee5,9308239585
53017.8.536991.AGAGACCCTT-TCCAGTGCCT.filter-METAGENOME.fastq.gz,6667abd853447aa389c3c6f3,IMG_SP-1490356,TOOO20COMPDNA1_19/Filtered_Raw_Data,TOOO20COMPDNA1_19,TOOL_043-O-20230717-COMP-DNA1,be13ba4d5074459e93a91c4f047b6839,13827970485
53017.8.536991.AAGGCCGTTC-CAATCATGCT.filter-METAGENOME.fastq.gz,6667a52853447aa389c3c60b,IMG_SP-1490357,TOOO20COMPDNA1_20/Filtered_Raw_Data,TOOO20COMPDNA1_20,TOOL_042-O-20230717-COMP-DNA1,0890c9dc61e2f795d09dd6038661088c,12679989244
53017.8.536991.GTACTGCAAG-ACATGAGCGC.filter-METAGENOME.fastq.gz,66679dd653447aa389c3c4a3,IMG_SP-1490358,TOOO20COMPDNA1_21/Filtered_Raw_Data,TOOO20COMPDNA1_21,TOOL_041-O-20230717-COMP-DNA1,718ce96bf366bb644131e1b906f5e4e8,9983072666
53017.8.536991.CCGCGCAGCA-GATCCTTATG.filter-METAGENOME.fastq.gz,66679dbb53447aa389c3c46e,IMG_SP-1490359,TOOO20COMPDNA1_22/Filtered_Raw_Data,TOOO20COMPDNA1_22,TOOL_006-O-20230720-COMP-DNA1,f6b5b90499d8d17efa2caa399afc5509,10389492394
53020.4.541445.AAGTGTTTAA-ACCAGACAAC.filter-METAGENOME.fastq.gz,667fecf453447aa389cad3ab,IMG_SP-1490360,TOOO20COMPDNA1_23/Filtered_Raw_Data,TOOO20COMPDNA1_23,TOOL_005-O-20230719-COMP-DNA1,8410a286bd0eb4215a2ef57e4b1aab38,23166833913
53020.4.541445.AATACCTAAG-TTCTGTAATA.filter-METAGENOME.fastq.gz,667fd23153447aa389cac495,IMG_SP-1490361,TOOO20COMPDNA1_24/Filtered_Raw_Data,TOOO20COMPDNA1_24,TOOL_004-O-20230718-COMP-DNA1,7cc3deb8005122c2734bc1c2e41a1e2b,13351680146
53020.4.541445.ATCAACCCTG-CACCCTAAGC.filter-METAGENOME.fastq.gz,667fd81153447aa389cac7ab,IMG_SP-1490362,TOOO20COMPDNA1_25/Filtered_Raw_Data,TOOO20COMPDNA1_25,TOOL_003-O-20230718-COMP-DNA1,1efecccb2dadba285f6e79d80eeba146,20299391155
53020.4.541445.ACACCCTCGC-TCAGCCTTAC.filter-METAGENOME.fastq.gz,667fd23c53447aa389cac4a2,IMG_SP-1490364,TOOO20COMPDNA1_26/Filtered_Raw_Data,TOOO20COMPDNA1_26,TOOL_001-O-20230719-COMP-DNA1,ee4c7e81608ec17f24f6c2b2b1885e81,18416983628
53035.4.560618.AGCGGTAACT-AGTCCAGTGT.filter-METAGENOME.fastq.gz,66a8aeab5f9f358d685d83eb,IMG_SP-1490365,SREM20COMPDNA1_12/Filtered_Raw_Data,SREM20COMPDNA1_12,SRER_047-M-20230821-COMP-DNA1,d666f55cb6b88904882ba0442cee4a1e,21431775633
53035.4.560618.AGGAACTCCA-CCTTAGGGTC.filter-METAGENOME.fastq.gz,66a8a8355f9f358d685d781e,IMG_SP-1490366,SREM20COMPDNA1_13/Filtered_Raw_Data,SREM20COMPDNA1_13,SRER_043-M-20230821-COMP-DNA1,89990ac9418ec6631cd3a452f812f323,17459119567
53035.4.560618.GATGTGTAGT-GCTATAGGCT.filter-METAGENOME.fastq.gz,66a89c385f9f358d685cb15c,IMG_SP-1490367,SREM20COMPDNA1_14/Filtered_Raw_Data,SREM20COMPDNA1_14,SRER_004-M-20230821-COMP-DNA1,0d3fa62c8487a425adf6b9d2c4d396d3,30992120209
53035.4.560618.TCTACCTGGT-TAGCGGCGGC.filter-METAGENOME.fastq.gz,66a89cba5f9f358d685cbb84,IMG_SP-1490371,SJEM20COMPDNA1_16/Filtered_Raw_Data,SJEM20COMPDNA1_16,SJER_025-M-20230302-COMP-DNA1,4094e90d4eb9c698dab5ea3563cb0a91,23617704436
53041.5.562632.GCCCGATGGA-CCGTACAAGA.filter-METAGENOME.fastq.gz,66b471aa5f9f358d68612cd6,IMG_SP-1490372,SCBM20COMPDNA1_6/Filtered_Raw_Data,SCBM20COMPDNA1_6,SCBI_067-M-20230822-COMP-DNA1,fe6acff4a2bef5982543b9d0634f5405,12853074600
53041.5.562632.CTCCACGGAC-GTAGGTGGTG.filter-METAGENOME.fastq.gz,66b471ae5f9f358d68612ce4,IMG_SP-1490373,SCBM20COMPDNA1_7/Filtered_Raw_Data,SCBM20COMPDNA1_7,SCBI_049-M-20230822-COMP-DNA1,dc993d8e3ab2e50aa9ccd0367cedc39e,14918223885
53041.5.562632.GACGATTCTT-TCGATGACCT.filter-METAGENOME.fastq.gz,66b4716d5f9f358d68612c9e,IMG_SP-1490374,SCBM20COMPDNA1_8/Filtered_Raw_Data,SCBM20COMPDNA1_8,SCBI_047-M-20230822-COMP-DNA1,9e8c0483470759ea2b4fbec97ad886e0,17906184380
53041.5.562632.ATAGGAGTGG-TAACCAGTGG.filter-METAGENOME.fastq.gz,66b463d85f9f358d6861276d,IMG_SP-1490375,SCBM20COMPDNA1_9/Filtered_Raw_Data,SCBM20COMPDNA1_9,SCBI_045-M-20230822-COMP-DNA1,59fdc0857e92adbcc610232f1ca41151,11676707307
53035.4.560618.AACTCTCGAT-CACGATAAGT.filter-METAGENOME.fastq.gz,66a8aea35f9f358d685d83de,IMG_SP-1490376,SCBM20COMPDNA1_10/Filtered_Raw_Data,SCBM20COMPDNA1_10,SCBI_010-M-20230821-COMP-DNA1,49a95b9f3f349c08a51a5031383f7ca6,18040615876
53041.5.562632.ACGTTCAATT-GTAGCGAGCT.filter-METAGENOME.fastq.gz,66b463dc5f9f358d6861277b,IMG_SP-1490377,SCBM20COMPDNA1_11/Filtered_Raw_Data,SCBM20COMPDNA1_11,SCBI_007-M-20230823-COMP-DNA1,29d5a2f5a97cdf8ba3d7293e85bae23d,14050020464
53041.5.562632.ATTCCGGGCT-CTAAACCACT.filter-METAGENOME.fastq.gz,66b463a45f9f358d68612735,IMG_SP-1490378,SCBM20COMPDNA1_12/Filtered_Raw_Data,SCBM20COMPDNA1_12,SCBI_006-M-20230821-COMP-DNA1,bf19ec9155aa4c9922e04cfc36a148ee,15734298184
53041.5.562632.CTCAGGACAT-CGACCTTCAT.filter-METAGENOME.fastq.gz,66b463a25f9f358d68612727,IMG_SP-1490380,SCBM20COMPDNA1_13/Filtered_Raw_Data,SCBM20COMPDNA1_13,SCBI_003-M-20230821-COMP-DNA1,32e0584b69f9b7aea943d0c253f455a0,14529796126
53035.4.560618.CTGTAGCCGG-AAATGTAAAG.filter-METAGENOME.fastq.gz,66a88cb75f9f358d685afe8e,IMG_SP-1490381,OSBM20COMPDNA1_7/Filtered_Raw_Data,OSBM20COMPDNA1_7,OSBS_002-M-20230710-COMP-DNA1,0c71908087e51a2ad0b2571428863b9a,19502107207
53041.4.562615.CAGTAGCTAT-ATGACCATAA.filter-METAGENOME.fastq.gz,66b4316d5f9f358d6861207f,IMG_SP-1490382,OSBO20COMPDNA1_3/Filtered_Raw_Data,OSBO20COMPDNA1_3,OSBS_001-O-20230711-COMP-DNA1,a0e992b2acf74a7bf195797e1c9fc5f8,20722090860
53041.4.562615.GAAGTTCCGG-TCCATTGTCG.filter-METAGENOME.fastq.gz,66b4293e5f9f358d68611e18,IMG_SP-1490383,OSBM20COMPDNA1_8/Filtered_Raw_Data,OSBM20COMPDNA1_8,OSBS_001-M-20230711-COMP-DNA1,098b05eb7b3a5e3b8fc76afdd7963e67,19537975737
53035.4.560618.AAACACGTAC-CCGAACTGGC.filter-METAGENOME.fastq.gz,66a89cbf5f9f358d685cbbfc,IMG_SP-1490389,ORNM20COMPDNA1_5/Filtered_Raw_Data,ORNM20COMPDNA1_5,ORNL_006-M-20230628-COMP-DNA1,e744b0a7247dacb1d96f40120f2dcab2,27394673128
53042.7.563433.ACGCCAATGC-AACGTACTTT.filter-METAGENOME.fastq.gz,66c6edf37ca17979ea4332fd,IMG_SP-1490407,DCFM20COMPDNA1_9/Filtered_Raw_Data,DCFM20COMPDNA1_9,DCFS_067-M-20230725-COMP-DNA1,98861ff53a32de439f4a4b7ea37b9978,19662650529
53042.7.563433.TTAGGCAGGA-TTGATATACA.filter-METAGENOME.fastq.gz,66c6edf97ca17979ea43330b,IMG_SP-1490408,DCFM20COMPDNA1_10/Filtered_Raw_Data,DCFM20COMPDNA1_10,DCFS_065-M-20230725-COMP-DNA1,c2083cfda3a5500f89a5a03276fc5e47,20941695097
53042.7.563433.GAGGCGCTCT-TCAGCCACTC.filter-METAGENOME.fastq.gz,66c6f3f77ca17979ea43368b,IMG_SP-1490409,DCFO20COMPDNA1_2/Filtered_Raw_Data,DCFO20COMPDNA1_2,DCFS_063-O-20230725-COMP-DNA1,047e83f21943ba88a307af82855c9ca8,22856804141
53042.7.563433.GTTACTGGTG-TCTCAACTAT.filter-METAGENOME.fastq.gz,66c6df3c7ca17979ea43286b,IMG_SP-1490410,DCFM20COMPDNA1_11/Filtered_Raw_Data,DCFM20COMPDNA1_11,DCFS_063-M-20230725-COMP-DNA1,0d9c34772cf9a393bb069600f0fb9cb2,17131619874
53042.7.563433.AGCGTTGCCA-GACCCGCGCT.filter-METAGENOME.fastq.gz,66c7017d7ca17979ea4339b9,IMG_SP-1490411,DCFO20COMPDNA1_3/Filtered_Raw_Data,DCFO20COMPDNA1_3,DCFS_062-O-20230725-COMP-DNA1,534c8d449a3767594df69d8c54d614f6,40814925863
53042.7.563433.TTCGGATCGG-ACGGTCCTTC.filter-METAGENOME.fastq.gz,66c6ed907ca17979ea433109,IMG_SP-1490412,DCFM20COMPDNA1_12/Filtered_Raw_Data,DCFM20COMPDNA1_12,DCFS_062-M-20230725-COMP-DNA1,d990d34d266e4a35bc509807a9fdc4f1,30518538884
53042.7.563433.GCATGGAGGG-CATCTGACTT.filter-METAGENOME.fastq.gz,66c6d6d97ca17979ea43279e,IMG_SP-1490413,DCFM20COMPDNA1_13/Filtered_Raw_Data,DCFM20COMPDNA1_13,DCFS_009-M-20230801-COMP-DNA1,3f56d3de9e7f944a848b52475f6ea9dd,19998349588
53042.7.563433.TTCCGCGCAT-GTTATAGCCA.filter-METAGENOME.fastq.gz,66c6d03f7ca17979ea43275b,IMG_SP-1490414,DCFM20COMPDNA1_14/Filtered_Raw_Data,DCFM20COMPDNA1_14,DCFS_008-M-20230726-COMP-DNA1,4799966b6f8e27e3a5d8c664c8629708,21742538040
53042.7.563433.ACATTGCCTT-TCGATAACTC.filter-METAGENOME.fastq.gz,66c6d03e7ca17979ea432751,IMG_SP-1490415,DCFM20COMPDNA1_15/Filtered_Raw_Data,DCFM20COMPDNA1_15,DCFS_007-M-20230726-COMP-DNA1,541049317d10956fa70abcea3d7179a2,21817520482
53035.4.560618.TATGGTGGAA-AAACAAACCG.filter-METAGENOME.fastq.gz,66a8a1335f9f358d685d13ea,IMG_SP-1490416,DCFM20COMPDNA1_16/Filtered_Raw_Data,DCFM20COMPDNA1_16,DCFS_006-M-20230801-COMP-DNA1,9ff127d78be7fa38ecb04f96a12940c6,21102912330
53035.4.560618.CGCAGTGATA-ACACCTCGAC.filter-METAGENOME.fastq.gz,66a89caf5f9f358d685cbaaa,IMG_SP-1490417,DCFM20COMPDNA1_17/Filtered_Raw_Data,DCFM20COMPDNA1_17,DCFS_004-M-20230801-COMP-DNA1,82f7d1442d9beb45f0fea9e67d937a7d,22038120026
53035.4.560618.ACCTCACCGT-CTTCCCAAGC.filter-METAGENOME.fastq.gz,66a8a1445f9f358d685d1539,IMG_SP-1490418,DCFM20COMPDNA1_18/Filtered_Raw_Data,DCFM20COMPDNA1_18,DCFS_003-M-20230802-COMP-DNA1,fcbc1cde125898ec8ace24731857f432,29095326883
53050.1.567833.ACGGATCGGC-CGCAAAGTCG.filter-METAGENOME.fastq.gz,66e8faa8363b7e1351d7d134,IMG_SP-1514587,PUUO20COMPDNA1_10/Filtered_Raw_Data,PUUO20COMPDNA1_10,PUUM_004-O-20230111-COMP-DNA1,172672aaab2fca8c5df9848b2926ed4e,19180703915
53050.1.567833.TGACTTAGTC-ACCGGCGTAC.filter-METAGENOME.fastq.gz,66e91748363b7e1351d7d34b,IMG_SP-1514588,PUUO20COMPDNA1_11/Filtered_Raw_Data,PUUO20COMPDNA1_11,PUUM_006-O-20230109-COMP-DNA1,f0e3418f96956dd1c5188fafd61cfd59,28992413409
53050.1.567833.TCGTACAATA-CTACTTATGA.filter-METAGENOME.fastq.gz,66e8faca363b7e1351d7d142,IMG_SP-1514589,PUUO20COMPDNA1_12/Filtered_Raw_Data,PUUO20COMPDNA1_12,PUUM_007-O-20230111-COMP-DNA1,1a0d6918c61653d5adab2731bc851e08,16463744810
53050.1.567833.AACTTTCGTG-CATGGGACCT.filter-METAGENOME.fastq.gz,66e8face363b7e1351d7d150,IMG_SP-1514590,PUUO20COMPDNA1_13/Filtered_Raw_Data,PUUO20COMPDNA1_13,PUUM_010-O-20230109-COMP-DNA1,7feb090b7aa33648c00bf117008dc6e7,18274788996
53050.1.567833.GAGAGACAGC-TGGAGTAGTC.filter-METAGENOME.fastq.gz,66e90236363b7e1351d7d176,IMG_SP-1514591,PUUO20COMPDNA1_14/Filtered_Raw_Data,PUUO20COMPDNA1_14,PUUM_014-O-20230109-COMP-DNA1,565c6c0f4540d8d430539854d7b63582,16557012560
53050.1.567833.CGGCATTGTA-TGAATGTCTA.filter-METAGENOME.fastq.gz,66e8f3ec363b7e1351d7d101,IMG_SP-1514592,PUUO20COMPDNA1_15/Filtered_Raw_Data,PUUO20COMPDNA1_15,PUUM_015-O-20230111-COMP-DNA1,b8178a2be7ffdeaa7d17a5049d8a6d4c,11368678480
53050.1.567833.CATGTCGGTT-TTCACCGTTC.filter-METAGENOME.fastq.gz,66e92c83363b7e1351d7daf4,IMG_SP-1514593,PUUO20COMPDNA1_16/Filtered_Raw_Data,PUUO20COMPDNA1_16,PUUM_034-O-20230110-COMP-DNA1,3d54bc6b676941e2040388684fb89fb9,31420410201
53050.1.567833.CATTCCGGTG-AGGCGTGGAC.filter-METAGENOME.fastq.gz,66e8fa9a363b7e1351d7d126,IMG_SP-1514594,PUUO20COMPDNA1_17/Filtered_Raw_Data,PUUO20COMPDNA1_17,PUUM_036-O-20230109-COMP-DNA1,971aaebea4deb31fb956dee90ff5a5d8,13257984900
53050.1.567833.ACGCTTGTTT-ACCTATACCT.filter-METAGENOME.fastq.gz,66e9173a363b7e1351d7d33d,IMG_SP-1514595,PUUO20COMPDNA1_18/Filtered_Raw_Data,PUUO20COMPDNA1_18,PUUM_040-O-20230110-COMP-DNA1,803801df5f85278000b2d979b33a0665,22948003556
53050.1.567833.ATCTCCGTAC-AATGAACCGT.filter-METAGENOME.fastq.gz,66e92c8a363b7e1351d7db02,IMG_SP-1514597,SJEM20COMPDNA1_17/Filtered_Raw_Data,SJEM20COMPDNA1_17,SJER_045-M-20230227-COMP-DNA1,84ff9ba280210ae49c44749eca9d41a0,33341740723
53050.1.567833.CGCTGGTATT-TGTATTACAA.filter-METAGENOME.fastq.gz,66e93a7c363b7e1351d7dbb9,IMG_SP-1514598,SJEM20COMPDNA1_18/Filtered_Raw_Data,SJEM20COMPDNA1_18,SJER_046-M-20230227-COMP-DNA1,b4c7f50b40b7a9164cdf1e9be36d4568,34132812589
53050.1.567833.ACAACAGGAC-GAATAATTAT.filter-METAGENOME.fastq.gz,66e908ee363b7e1351d7d196,IMG_SP-1514600,SJEM20COMPDNA1_19/Filtered_Raw_Data,SJEM20COMPDNA1_19,SJER_048-M-20230228-COMP-DNA1,0485b3422cd4b87bae1f123965b88681,14587622274
53050.2.567850.CATATGATGC-CCTACCCTGT.filter-METAGENOME.fastq.gz,66e92c6c363b7e1351d7dae6,IMG_SP-1514601,CPEM20COMPDNA1_16/Filtered_Raw_Data,CPEM20COMPDNA1_16,CPER_001-M-20230626-COMP-DNA1,0aea085bfee626ecaf6f425079c7459c,21117822424
53050.2.567850.ATAGCTGTCG-AACGAACAGC.filter-METAGENOME.fastq.gz,66e93471363b7e1351d7db5d,IMG_SP-1514602,OSBM20COMPDNA1_9/Filtered_Raw_Data,OSBM20COMPDNA1_9,OSBS_003-M-20230710-COMP-DNA1,1eb3b984f3face77f6461bc1f87ad22d,30501598542
53050.2.567850.TGACGGTCCT-AAATCGCACT.filter-METAGENOME.fastq.gz,66e93a70363b7e1351d7dbab,IMG_SP-1514603,OSBM20COMPDNA1_10/Filtered_Raw_Data,OSBM20COMPDNA1_10,OSBS_005-M-20230711-COMP-DNA1,8dad7e6b0e63d7358906d927150399ce,26573687195
53050.2.567850.ATGGAAGTAA-CATCTCATGA.filter-METAGENOME.fastq.gz,66e9108c363b7e1351d7d1c2,IMG_SP-1514604,OSBO20COMPDNA1_4/Filtered_Raw_Data,OSBO20COMPDNA1_4,OSBS_005-O-20230711-COMP-DNA1,b42f76d9734b0ba5729ef70a5be306e2,14290065119
53050.2.567850.GAACCTCAGT-GAGGTCTCTT.filter-METAGENOME.fastq.gz,66e91729363b7e1351d7d321,IMG_SP-1514605,OSBM20COMPDNA1_11/Filtered_Raw_Data,OSBM20COMPDNA1_11,OSBS_026-M-20230712-COMP-DNA1,b0a5198e04a81d9b3397a82681f464d9,13472972525
53050.2.567850.CACAACCCAT-ATAGAAGGGA.filter-METAGENOME.fastq.gz,66e94139363b7e1351d7dbed,IMG_SP-1514606,OSBM20COMPDNA1_12/Filtered_Raw_Data,OSBM20COMPDNA1_12,OSBS_031-M-20230712-COMP-DNA1,f2e24758832296aedb4a7a0ae8f6bd9f,27979587975
53050.2.567850.TGCCAACCTG-CCTCGCGGAA.filter-METAGENOME.fastq.gz,66e91702363b7e1351d7d1f7,IMG_SP-1514607,OSBM20COMPDNA1_13/Filtered_Raw_Data,OSBM20COMPDNA1_13,OSBS_063-M-20230712-COMP-DNA1,986ebc9e0bd1332530f3cade934ea1da,12142328262
53050.2.567850.GAAGTGCCAA-ATTTGCCGTG.filter-METAGENOME.fastq.gz,66e933da363b7e1351d7db49,IMG_SP-1514608,KONM20COMPDNA1_13/Filtered_Raw_Data,KONM20COMPDNA1_13,KONZ_001-M-20230802-COMP-DNA1,69bc52a03642a807794c6e12239ab3b4,20052582237
53050.2.567850.CCTACTCGTT-AGTTACTAGA.filter-METAGENOME.fastq.gz,66e9172d363b7e1351d7d32f,IMG_SP-1514609,KONM20COMPDNA1_14/Filtered_Raw_Data,KONM20COMPDNA1_14,KONZ_003-M-20230803-COMP-DNA1,8d17f22c500873a7d519392d07593d27,15317899105
53050.2.567850.AGCACCAGAT-AAGCCATCAG.filter-METAGENOME.fastq.gz,66e93a31363b7e1351d7db99,IMG_SP-1514610,KONM20COMPDNA1_15/Filtered_Raw_Data,KONM20COMPDNA1_15,KONZ_005-M-20230803-COMP-DNA1,6a123771626be9465e37d02fffd09047,26807175753
53050.2.567850.GCCAGCCCAG-CCACGTCGTT.filter-METAGENOME.fastq.gz,66e94f5d363b7e1351d7dcde,IMG_SP-1514611,KONM20COMPDNA1_16/Filtered_Raw_Data,KONM20COMPDNA1_16,KONZ_042-M-20230731-COMP-DNA1,49d86f765efd43ae3f379c37df18776c,25325100202
53050.2.567850.CAAGATGTCG-AACGAGGCTA.filter-METAGENOME.fastq.gz,66e94a07363b7e1351d7dc45,IMG_SP-1514612,KONM20COMPDNA1_17/Filtered_Raw_Data,KONM20COMPDNA1_17,KONZ_043-M-20230731-COMP-DNA1,e49f70642b933cb1b2f978163f725cd1,27066284170
53050.2.567850.GACTTTATTA-CGCGGTCGTA.filter-METAGENOME.fastq.gz,66e94f66363b7e1351d7dcec,IMG_SP-1514613,KONM20COMPDNA1_18/Filtered_Raw_Data,KONM20COMPDNA1_18,KONZ_045-M-20230731-COMP-DNA1,c25093ae26d9ef63ff929e89541ad163,29723917961
53050.2.567850.ATAACCAATT-GCTGCCGATA.filter-METAGENOME.fastq.gz,66e94a01363b7e1351d7dc37,IMG_SP-1514614,UKFM20COMPDNA1_6/Filtered_Raw_Data,UKFM20COMPDNA1_6,UKFS_001-M-20230704-COMP-DNA1,90aa3d72de3fb79d734b879a5fd445c2,24424046108
53050.3.567867.CAGCGCCAAT-ACGCAGATAC.filter-METAGENOME.fastq.gz,66e9250a363b7e1351d7d4d4,IMG_SP-1514616,UKFM20COMPDNA1_7/Filtered_Raw_Data,UKFM20COMPDNA1_7,UKFS_003-M-20230703-COMP-DNA1,27293e7a9ba1f8ccfc806ffaff0041a4,10575278824
53050.3.567867.CGGTGGAAGC-CTTCAGACAC.filter-METAGENOME.fastq.gz,66e949ef363b7e1351d7dc29,IMG_SP-1514617,UKFM20COMPDNA1_8/Filtered_Raw_Data,UKFM20COMPDNA1_8,UKFS_004-M-20230705-COMP-DNA1,7dedb641f63974b22a52c694e70729a1,16828443962
53050.3.567867.AGCTGATGCA-AGTCCTGCGA.filter-METAGENOME.fastq.gz,66e95d95363b7e1351d7ddab,IMG_SP-1514618,UKFM20COMPDNA1_9/Filtered_Raw_Data,UKFM20COMPDNA1_9,UKFS_005-M-20230703-COMP-DNA1,d36922977fecdfbfd89439369eaafee6,29078492173
53050.3.567867.GTCTTCTCTC-CTTAGCCGAA.filter-METAGENOME.fastq.gz,66e9412b363b7e1351d7dbdf,IMG_SP-1514619,UKFM20COMPDNA1_10/Filtered_Raw_Data,UKFM20COMPDNA1_10,UKFS_009-M-20230705-COMP-DNA1,5ab7f13230d01d4d273356fc32a658be,21095460676
53050.3.567867.AAACAGGTCG-CTTTATACAT.filter-METAGENOME.fastq.gz,66e95d96363b7e1351d7ddb5,IMG_SP-1514620,UKFM20COMPDNA1_11/Filtered_Raw_Data,UKFM20COMPDNA1_11,UKFS_031-M-20230703-COMP-DNA1,fcb7a9c08ca1174e766ecca0a861ba67,30925629828
53050.3.567867.CTGCTCGACG-CTCACTCTTC.filter-METAGENOME.fastq.gz,66e91e7c363b7e1351d7d4ab,IMG_SP-1514621,UKFM20COMPDNA1_12/Filtered_Raw_Data,UKFM20COMPDNA1_12,UKFS_032-M-20230705-COMP-DNA1,f7cae858ccbc2491a4e89a5d0492b768,8723819474
53050.3.567867.TCACCGATAA-GAGTGTGCCT.filter-METAGENOME.fastq.gz,66e9339a363b7e1351d7db3b,IMG_SP-1514624,GUAM20COMPDNA1_15/Filtered_Raw_Data,GUAM20COMPDNA1_15,GUAN_001-M-20230831-COMP-DNA1,37da8a719d4c03d57f1263063bef0408,8739846126
53050.4.567884.TTATGCATTG-GCAACACAAG.filter-METAGENOME.fastq.gz,66e94f4a363b7e1351d7dcc2,IMG_SP-1514631,GUAM20COMPDNA1_16/Filtered_Raw_Data,GUAM20COMPDNA1_16,GUAN_043-M-20230904-COMP-DNA1,eb9701c545ed4b1f5c9fbda963bc7751,16226458677
53050.4.567884.TCAATTTCGC-GTCCGACCCA.filter-METAGENOME.fastq.gz,66e93395363b7e1351d7db2c,IMG_SP-1514632,GUAM20COMPDNA1_17/Filtered_Raw_Data,GUAM20COMPDNA1_17,GUAN_048-M-20230906-COMP-DNA1,77be0b9334203f1a7c0c400f052f39b1,6449476416
53050.4.567884.TCCATTGCAC-GATGGTATGA.filter-METAGENOME.fastq.gz,66e95648363b7e1351d7dd37,IMG_SP-1514637,CLBM20COMPDNA1_11/Filtered_Raw_Data,CLBM20COMPDNA1_11,CLBJ_006-M-20230509-COMP-DNA1,3c11a030ed264bbb5b5119880f04127e,20794791037
53050.4.567884.CCCATATCGA-GAGGTCAGCA.filter-METAGENOME.fastq.gz,66e949ad363b7e1351d7dc1b,IMG_SP-1514640,CLBM20COMPDNA1_12/Filtered_Raw_Data,CLBM20COMPDNA1_12,CLBJ_035-M-20230517-COMP-DNA1,3f7990655f23e7f6094733c73029ca5e,9486086811
53050.5.567901.GAACACGGCT-AGGCCGGGAA.filter-METAGENOME.fastq.gz,66e95632363b7e1351d7dd1a,IMG_SP-1514648,OAEM20COMPDNA1_9/Filtered_Raw_Data,OAEM20COMPDNA1_9,OAES_042-M-20230515-COMP-DNA1,bb2063c3c2e70a694a097b7b0d4264bd,10229567591
53050.5.567901.TGTCGCGCAA-AATTGGGTCG.filter-METAGENOME.fastq.gz,66e95d6a363b7e1351d7dd8f,IMG_SP-1514657,DSNM20COMPDNA1_8/Filtered_Raw_Data,DSNM20COMPDNA1_8,DSNY_043-M-20230912-COMP-DNA1,336c5fcdff472310731adf45968b9506,10128136098
53068.3.574840.ATTCAAACGC-GCTTAGTCAC.filter-METAGENOME.fastq.gz,6721c06a5ecdfa1283451b70,IMG_SP-1529154,SJEM202GENDNA1_20/Filtered_Raw_Data,SJEM202GENDNA1_20,SJER_005-M-21-20230306-GEN-DNA1,4ba487bbba7a0e6b3ec88798144debd3,16692162060
53068.3.574840.GTGCCCAGAA-GCCTAACACA.filter-METAGENOME.fastq.gz,6721c06f5ecdfa1283451b7e,IMG_SP-1529155,SJEM202GENDNA1_21/Filtered_Raw_Data,SJEM202GENDNA1_21,SJER_005-M-23-20230306-GEN-DNA1,da4945d738949c990e3838883a9f4938,19607918001
53068.3.574840.CTAGCGGTTC-AAGAACGGCT.filter-METAGENOME.fastq.gz,6721b9b45ecdfa1283451714,IMG_SP-1529156,SJEM202GENDNA1_22/Filtered_Raw_Data,SJEM202GENDNA1_22,SJER_005-M-39-20230306-GEN-DNA1,a1a11b69c6bb818854b4d9433a5492e2,17369048373
53068.3.574840.AGCCACGGAG-CGAATAAAGA.filter-METAGENOME.fastq.gz,6721c0a55ecdfa1283451bc4,IMG_SP-1529157,SJEM202GENDNA1_23/Filtered_Raw_Data,SJEM202GENDNA1_23,SJER_025-M-21-20230302-GEN-DNA1,2bcb7c3cf29e801f4be4c22c48bab987,20538323707
53068.4.574860.ATCGGATTAG-CCCGCCTCTT.filter-METAGENOME.fastq.gz,672148fb5ecdfa128344f629,IMG_SP-1529158,SJEM202GENDNA1_24/Filtered_Raw_Data,SJEM202GENDNA1_24,SJER_025-M-39-20230302-GEN-DNA1,ebcd1779c69d19e76a79147a2bb91bad,16615109739
53083.8.580029.TGACTTAGTC-ACCGGCGTAC.filter-METAGENOME.fastq.gz,677cc64857698aaa547006d8,IMG_SP-1529159,SJEM202GENDNA1_25/Filtered_Raw_Data,SJEM202GENDNA1_25,SJER_025-M-41-20230302-GEN-DNA1,d844072ced63c658c2894ab25804bb0e,29226065428
53068.4.574860.AGATCGAATG-TTTCATGAGC.filter-METAGENOME.fastq.gz,672164885ecdfa128344f7b5,IMG_SP-1529160,SJEM202GENDNA1_26/Filtered_Raw_Data,SJEM202GENDNA1_26,SJER_001-M-21-20230227-GEN-DNA1,3c2c86f68dee74abf3829bdb6d9044ee,23646777337
53068.4.574860.CTAGTATATA-CTTCACCCGG.filter-METAGENOME.fastq.gz,6721810c5ecdfa128344fcf7,IMG_SP-1529161,SJEM202GENDNA1_27/Filtered_Raw_Data,SJEM202GENDNA1_27,SJER_001-M-39-20230227-GEN-DNA1,ce9dfb6b3a07338e2fb2071939ac87ca,23065281159
53068.4.574860.CCATAATTGT-CCTCTTGTGC.filter-METAGENOME.fastq.gz,6721b3465ecdfa1283450e79,IMG_SP-1529162,SJEM202GENDNA1_28/Filtered_Raw_Data,SJEM202GENDNA1_28,SJER_001-M-41-20230227-GEN-DNA1,8773ac0806663b77e284ba207b97bfc9,26975159682
53068.4.574860.CTACCAGGGC-TGTATGCGAG.filter-METAGENOME.fastq.gz,672195f85ecdfa12834500ad,IMG_SP-1529164,SJEM202GENDNA1_30/Filtered_Raw_Data,SJEM202GENDNA1_30,SJER_002-M-39-20230228-GEN-DNA1,c667bb1851e49940f443c2b05b2930d4,12898657628
53068.4.574860.AGACCATCAC-TTCTCCGGAC.filter-METAGENOME.fastq.gz,6721b9c15ecdfa1283451722,IMG_SP-1529165,SJEM202GENDNA1_31/Filtered_Raw_Data,SJEM202GENDNA1_31,SJER_002-M-41-20230228-GEN-DNA1,bcfcc948e5f9a5e3a2c40f7f976fa24f,24072887255
53068.4.574860.AGGACCACTT-GTTGTCCTAG.filter-METAGENOME.fastq.gz,6721aca05ecdfa1283450b87,IMG_SP-1529166,SJEM202GENDNA1_32/Filtered_Raw_Data,SJEM202GENDNA1_32,SJER_045-M-23-20230227-GEN-DNA1,43caa933b7591eafe24ad9d98359f02e,19810719023
53068.4.574860.GACAGCAGAA-ACCACGACTG.filter-METAGENOME.fastq.gz,6721c71b5ecdfa1283452260,IMG_SP-1529167,SJEM202GENDNA1_33/Filtered_Raw_Data,SJEM202GENDNA1_33,SJER_045-M-39-20230227-GEN-DNA1,f64bddcc6d62693a313bc7fcf5b2f1fd,25491334721
53083.8.580029.TCGTACAATA-CTACTTATGA.filter-METAGENOME.fastq.gz,677cb10b57698aaa5470021d,IMG_SP-1529168,SJEM202GENDNA1_34/Filtered_Raw_Data,SJEM202GENDNA1_34,SJER_045-M-41-20230227-GEN-DNA1,7e6d75a42dec6844e30b453ab87938fd,21870261100
53068.4.574860.AGGCTGCAAC-AGAGTTGGTA.filter-METAGENOME.fastq.gz,6721c0785ecdfa1283451b8c,IMG_SP-1529169,SJEM202GENDNA1_35/Filtered_Raw_Data,SJEM202GENDNA1_35,SJER_046-M-21-20230227-GEN-DNA1,429698d16ba09a168f5a8666ce1c879e,24586540792
53068.4.574860.AACTTCTAGG-AATGGGTGAC.filter-METAGENOME.fastq.gz,6721b37c5ecdfa1283450e95,IMG_SP-1529170,SJEM202GENDNA1_36/Filtered_Raw_Data,SJEM202GENDNA1_36,SJER_046-M-23-20230227-GEN-DNA1,99a21b08016bb9825a3ac5278d0c928f,17523017965
53068.4.574860.TCGGTCGCTT-TTCCCGAAGG.filter-METAGENOME.fastq.gz,6721c7595ecdfa1283452298,IMG_SP-1529171,SJEM202GENDNA1_2/Filtered_Raw_Data,SJEM202GENDNA1_2,SJER_046-M-39-20230227-GEN-DNA1,d16d0175ad173360639d802d204f54ba,29487114853
53068.4.574860.ACCACACGTT-AGGCAACCAG.filter-METAGENOME.fastq.gz,6721c7445ecdfa128345228a,IMG_SP-1529172,HARO202GENDNA1_23/Filtered_Raw_Data,HARO202GENDNA1_23,HARV_001-O-21-20230705-GEN-DNA1,d25897ae02ee2e465d43eeea6f282f06,18271904129
53068.4.574860.CATGTTACAG-ATGGTACCGA.filter-METAGENOME.fastq.gz,6721ce8a5ecdfa128345273e,IMG_SP-1529173,HARO202GENDNA1_24/Filtered_Raw_Data,HARO202GENDNA1_24,HARV_001-O-23-20230705-GEN-DNA1,c3ea8a3e6a65c1353325c7c112f014af,24934198954
53070.5.575712.CAGCGCAACG-AGGATATCCT.filter-METAGENOME.fastq.gz,672c45e637bd697fa07d65bc,IMG_SP-1529174,HARO202GENDNA1_25/Filtered_Raw_Data,HARO202GENDNA1_25,HARV_001-O-41-20230705-GEN-DNA1,22b66bbed3370aadceadd15efd5e1153,20319234613
53070.5.575712.AGAAACGCAC-GAAATGTTAG.filter-METAGENOME.fastq.gz,672c45e437bd697fa07d65b0,IMG_SP-1529175,HARO202GENDNA1_26/Filtered_Raw_Data,HARO202GENDNA1_26,HARV_002-O-21-20230706-GEN-DNA1,7468e12ee590be20be7e5b23432f2fb0,19521539248
53083.8.580029.AACTTTCGTG-CATGGGACCT.filter-METAGENOME.fastq.gz,677cc64957698aaa547006e2,IMG_SP-1529176,HARO202GENDNA1_27/Filtered_Raw_Data,HARO202GENDNA1_27,HARV_002-O-23-20230706-GEN-DNA1,7896c1566410f8c2a5b3bde474053665,29482724702
53070.5.575712.TTGTCGTCTC-TGTCTGCCAT.filter-METAGENOME.fastq.gz,672c619d37bd697fa07d721d,IMG_SP-1529177,HARO202GENDNA1_28/Filtered_Raw_Data,HARO202GENDNA1_28,HARV_002-O-39-20230706-GEN-DNA1,f47f1884a4db39051c77d6dfdae73ff6,23392573348
53070.5.575712.AGGGAACAAC-CACTTAAATG.filter-METAGENOME.fastq.gz,672c543937bd697fa07d6aa6,IMG_SP-1529178,HARO202GENDNA1_29/Filtered_Raw_Data,HARO202GENDNA1_29,HARV_005-O-23-20230710-GEN-DNA1,bf820b5e971bc3e29210d8e8b9f8f8a9,18201479955
53070.5.575712.AAAGTAGGGC-CTGATCCCAC.filter-METAGENOME.fastq.gz,672c61e537bd697fa07d724d,IMG_SP-1529179,HARO202GENDNA1_30/Filtered_Raw_Data,HARO202GENDNA1_30,HARV_005-O-39-20230710-GEN-DNA1,873fd4138eba16beae4c95f0a57a3544,22977472363
53070.5.575712.CTGTTCGTGC-GTACCACTGC.filter-METAGENOME.fastq.gz,672c69b437bd697fa07d78ab,IMG_SP-1529180,HARO202GENDNA1_31/Filtered_Raw_Data,HARO202GENDNA1_31,HARV_005-O-41-20230710-GEN-DNA1,a4dd016aa35af060d3be020740bc092c,16641341043
53070.5.575712.CAGCGTGTTG-GTTGTCATTA.filter-METAGENOME.fastq.gz,672c69fd37bd697fa07d78ff,IMG_SP-1529181,HARO202GENDNA1/Filtered_Raw_Data,HARO202GENDNA1,HARV_013-O-23-20230704-GEN-DNA1,6f8da64c12b164ec3262d4a9882b1412,25293548144
53070.5.575712.ACAACGAAGA-TAAAGATGCT.filter-METAGENOME.fastq.gz,672c69ec37bd697fa07d78f1,IMG_SP-1529182,HARO202GENDNA1_32/Filtered_Raw_Data,HARO202GENDNA1_32,HARV_013-O-39-20230704-GEN-DNA1,a20346aaa0e2d64489b6e86f98e014fd,17270912992
53070.5.575712.CATACTACTC-AGTGTTGCAT.filter-METAGENOME.fastq.gz,672c8d7337bd697fa07d8159,IMG_SP-1529183,HARO202GENDNA1_33/Filtered_Raw_Data,HARO202GENDNA1_33,HARV_013-O-41-20230704-GEN-DNA1,4476b18b501984f697d1409c216a38d9,29080815874
53070.5.575712.GTTTCTGTGC-GCGTTCTAAA.filter-METAGENOME.fastq.gz,672c6f8237bd697fa07d7a76,IMG_SP-1529184,HARO202GENDNA1_34/Filtered_Raw_Data,HARO202GENDNA1_34,HARV_021-O-23-20230706-GEN-DNA1,25b1caa555817bb3b1a149432b016018,20728423874
53070.5.575712.TCCGTCTCCT-TCTATCCTCG.filter-METAGENOME.fastq.gz,672c77f737bd697fa07d7d86,IMG_SP-1529185,HARO202GENDNA1_35/Filtered_Raw_Data,HARO202GENDNA1_35,HARV_021-O-39-20230706-GEN-DNA1,6d384aa81411d97b5c64b663e1485e00,22061707639
53070.5.575712.CCTGAGAATA-TTCCATTGAA.filter-METAGENOME.fastq.gz,672c8d7037bd697fa07d814b,IMG_SP-1529186,HARO202GENDNA1_36/Filtered_Raw_Data,HARO202GENDNA1_36,HARV_021-O-41-20230706-GEN-DNA1,ce3c165242b646c8dcf7d2e891e626b8,28739963605
53070.5.575712.GAGCGCTCTG-CCAAAGACGA.filter-METAGENOME.fastq.gz,672c7e0b37bd697fa07d7e81,IMG_SP-1529187,HARO202GENDNA1_37/Filtered_Raw_Data,HARO202GENDNA1_37,HARV_033-O-21-20230703-GEN-DNA1,529aefa086aed020bddda3565f94afc8,18522109816
53070.5.575712.AGAGCAGCAT-TCGGCCTAAG.filter-METAGENOME.fastq.gz,672c621237bd697fa07d7299,IMG_SP-1529188,HARO202GENDNA1_38/Filtered_Raw_Data,HARO202GENDNA1_38,HARV_033-O-39-20230703-GEN-DNA1,d44919ed6e06ac719c272bdfb4b12954,12928135316
53070.1.575403.AAATCCCGAA-GTGGATCCAC.filter-METAGENOME.fastq.gz,672c3e8d37bd697fa07d648a,IMG_SP-1529189,HARO202GENDNA1_39/Filtered_Raw_Data,HARO202GENDNA1_39,HARV_033-O-41-20230703-GEN-DNA1,37977303ad60fca25027d9ec58d75ef1,22042506233
53070.1.575403.AGAACACTAC-TCGTTACCAC.filter-METAGENOME.fastq.gz,672c37f037bd697fa07d63d7,IMG_SP-1529190,HARO202GENDNA1_40/Filtered_Raw_Data,HARO202GENDNA1_40,HARV_035-O-21-20230704-GEN-DNA1,967928444dc7d4d9f07514486181289f,12995321459
53070.1.575403.TGCACGTCTC-TCAGGCGCGC.filter-METAGENOME.fastq.gz,672c544237bd697fa07d6ab4,IMG_SP-1529191,HARO202GENDNA1_41/Filtered_Raw_Data,HARO202GENDNA1_41,HARV_035-O-23-20230704-GEN-DNA1,3171d0ca2a05bc51a6b744a67bd5ae7e,22866193006
53070.1.575403.ACGGTAAAGC-TAGTGACAAA.filter-METAGENOME.fastq.gz,672c61e237bd697fa07d722e,IMG_SP-1529192,HARO202GENDNA1_42/Filtered_Raw_Data,HARO202GENDNA1_42,HARV_035-O-41-20230704-GEN-DNA1,31b4f8e9b743f72588180ad61b163a27,21344944283